-- MySQL dump 10.13  Distrib 8.0.11, for osx10.13 (x86_64)
--
-- Host: localhost    Database: skill_x_change_db
-- ------------------------------------------------------
-- Server version	8.0.11

/*!40101 SET @OLD_CHARACTER_SET_CLIENT=@@CHARACTER_SET_CLIENT */;
/*!40101 SET @OLD_CHARACTER_SET_RESULTS=@@CHARACTER_SET_RESULTS */;
/*!40101 SET @OLD_COLLATION_CONNECTION=@@COLLATION_CONNECTION */;
 SET NAMES utf8mb4 ;
/*!40103 SET @OLD_TIME_ZONE=@@TIME_ZONE */;
/*!40103 SET TIME_ZONE='+00:00' */;
/*!40014 SET @OLD_UNIQUE_CHECKS=@@UNIQUE_CHECKS, UNIQUE_CHECKS=0 */;
/*!40014 SET @OLD_FOREIGN_KEY_CHECKS=@@FOREIGN_KEY_CHECKS, FOREIGN_KEY_CHECKS=0 */;
/*!40101 SET @OLD_SQL_MODE=@@SQL_MODE, SQL_MODE='NO_AUTO_VALUE_ON_ZERO' */;
/*!40111 SET @OLD_SQL_NOTES=@@SQL_NOTES, SQL_NOTES=0 */;

--
-- Table structure for table `Categories`
--

DROP TABLE IF EXISTS `Categories`;
/*!40101 SET @saved_cs_client     = @@character_set_client */;
 SET character_set_client = utf8mb4 ;
CREATE TABLE `Categories` (
  `pk_category_id` char(36) CHARACTER SET utf8 COLLATE utf8_bin NOT NULL,
  `name` varchar(30) NOT NULL,
  `img_url` varchar(255) DEFAULT NULL,
  `created_at` datetime NOT NULL,
  `updated_at` datetime NOT NULL,
  PRIMARY KEY (`pk_category_id`)
) ENGINE=InnoDB DEFAULT CHARSET=utf8;
/*!40101 SET character_set_client = @saved_cs_client */;

--
-- Dumping data for table `Categories`
--

LOCK TABLES `Categories` WRITE;
/*!40000 ALTER TABLE `Categories` DISABLE KEYS */;
INSERT INTO `Categories` VALUES ('07786342-e144-4b2a-9649-8086801b93e2','nature','https://images.unsplash.com/photo-1443372389995-a1b4810d99c7?ixlib=rb-0.3.5&ixid=eyJhcHBfaWQiOjEyMDd9&s=289181ea63f3e277542d2448cfd9f85d&auto=format&fit=crop&w=1950&q=80','2018-07-05 10:00:47','2018-07-05 10:00:47'),('27819d4a-72ba-4fce-aae3-569d2ef0ed3c','silly','https://images.unsplash.com/photo-1523215122-26803239f41f?ixlib=rb-0.3.5&ixid=eyJhcHBfaWQiOjEyMDd9&s=69c56bdc6ed55d04567025d5e07d63ba&auto=format&fit=crop&w=1500&q=80','2018-07-05 10:00:47','2018-07-05 10:00:47'),('4bf5bdcf-8905-43b2-8c57-f29a7869e303','relax','https://images.unsplash.com/photo-1474022650697-7624c32312fa?ixlib=rb-0.3.5&ixid=eyJhcHBfaWQiOjEyMDd9&s=6e5af1f28b758e8639ce37a2f84cf797&auto=format&fit=crop&w=1500&q=80','2018-07-05 10:00:47','2018-07-05 10:00:47'),('4cf7d8fa-3814-4a1a-afd6-8051e064d4a9','Do-it-yourself','https://images.unsplash.com/reserve/oIpwxeeSPy1cnwYpqJ1w_Dufer%20Collateral%20test.jpg?ixlib=rb-0.3.5&ixid=eyJhcHBfaWQiOjEyMDd9&s=4e6cb38a2b7ce702bc48afa2badadef6&auto=format&fit=crop&w=1216&q=80','2018-07-05 10:00:47','2018-07-05 10:00:47'),('64916ebd-e419-4821-9a5a-90ec6845b1a0','extreme','https://images.unsplash.com/photo-1518744499241-c44b3451777e?ixlib=rb-0.3.5&ixid=eyJhcHBfaWQiOjEyMDd9&s=cca8fb65b3a0b8b45edc91d50d3709fe&auto=format&fit=crop&w=1934&q=80','2018-07-05 10:00:47','2018-07-05 10:00:47'),('6d0b4d81-d276-4eca-900e-e193fd34795d','sport','https://images.unsplash.com/photo-1476480862126-209bfaa8edc8?ixlib=rb-0.3.5&ixid=eyJhcHBfaWQiOjEyMDd9&s=41900ca14b1acd536efbaf79f09e2632&auto=format&fit=crop&w=1950&q=80','2018-07-05 10:00:47','2018-07-05 10:00:47'),('9355c7df-b054-4595-9b5f-5ad47907ed9d','weird','https://images.unsplash.com/photo-1503751071777-d2918b21bbd9?ixlib=rb-0.3.5&ixid=eyJhcHBfaWQiOjEyMDd9&s=6407ad0804025755204bf7807272761a&auto=format&fit=crop&w=1500&q=80','2018-07-05 10:00:47','2018-07-05 10:00:47'),('98d24066-05d8-4e42-9c92-310edfc255c4','dance','https://images.unsplash.com/photo-1523450001312-faa4e2e37f0f?ixlib=rb-0.3.5&ixid=eyJhcHBfaWQiOjEyMDd9&s=a6653dc02f5f0e392f58139eef81b559&auto=format&fit=crop&w=2134&q=80','2018-07-05 10:00:47','2018-07-05 10:00:47'),('99508130-df5c-41f2-bfce-2ee95f38b756','knowledge','https://images.unsplash.com/photo-1496104679561-38d3af73f9b0?ixlib=rb-0.3.5&ixid=eyJhcHBfaWQiOjEyMDd9&s=f6bbafb7818c9607c9b384cb2ff9102f&auto=format&fit=crop&w=961&q=80','2018-07-05 10:00:47','2018-07-05 10:00:47'),('abcb42e5-e8d9-4230-b5f6-f5835ce7b402','creative','https://images.unsplash.com/photo-1527168027773-0cc890c4f42e?ixlib=rb-0.3.5&ixid=eyJhcHBfaWQiOjEyMDd9&s=0dded43cb34de5723402e844260fab81&auto=format&fit=crop&w=2250&q=80','2018-07-05 10:00:47','2018-07-05 10:00:47'),('bbcbc9ff-1fcf-4eb4-8078-79e6fe137c65','arts','https://images.unsplash.com/photo-1501366062246-723b4d3e4eb6?ixlib=rb-0.3.5&ixid=eyJhcHBfaWQiOjEyMDd9&s=d8b5f5998cb98c2b00433c988006f22d&auto=format&fit=crop&w=1546&q=80','2018-07-05 10:00:47','2018-07-05 10:00:47'),('cfb0f28a-8741-47d5-ab74-859c665f54ed','food','https://images.unsplash.com/photo-1453831362806-3d5577f014a4?ixlib=rb-0.3.5&ixid=eyJhcHBfaWQiOjEyMDd9&s=9dd8da96be0724ab84e4147d428f6bba&auto=format&fit=crop&w=1938&q=80','2018-07-05 10:00:47','2018-07-05 10:00:47'),('ded22b44-465f-4378-a5f1-a3b2f1de454a','geeky','https://images.unsplash.com/photo-1498736297812-3a08021f206f?ixlib=rb-0.3.5&ixid=eyJhcHBfaWQiOjEyMDd9&s=218df997df6af8353f87d87cc4d55296&auto=format&fit=crop&w=1514&q=80','2018-07-05 10:00:47','2018-07-05 10:00:47');
/*!40000 ALTER TABLE `Categories` ENABLE KEYS */;
UNLOCK TABLES;

--
-- Table structure for table `Conversations`
--

DROP TABLE IF EXISTS `Conversations`;
/*!40101 SET @saved_cs_client     = @@character_set_client */;
 SET character_set_client = utf8mb4 ;
CREATE TABLE `Conversations` (
  `pk_conversation_id` char(36) CHARACTER SET utf8 COLLATE utf8_bin NOT NULL,
  `request_message` varchar(255) DEFAULT NULL,
  `approved` int(11) NOT NULL DEFAULT '0',
  `created_at` datetime NOT NULL,
  `updated_at` datetime NOT NULL,
  `fk_skill_id` char(36) CHARACTER SET utf8 COLLATE utf8_bin NOT NULL,
  `fk_sender_user_id` char(36) CHARACTER SET utf8 COLLATE utf8_bin NOT NULL,
  PRIMARY KEY (`pk_conversation_id`),
  KEY `fk_skill_id` (`fk_skill_id`),
  KEY `fk_sender_user_id` (`fk_sender_user_id`),
  CONSTRAINT `conversations_ibfk_1` FOREIGN KEY (`fk_skill_id`) REFERENCES `skills` (`pk_skill_id`) ON DELETE CASCADE ON UPDATE CASCADE,
  CONSTRAINT `conversations_ibfk_2` FOREIGN KEY (`fk_sender_user_id`) REFERENCES `users` (`pk_user_id`) ON DELETE CASCADE ON UPDATE CASCADE
) ENGINE=InnoDB DEFAULT CHARSET=utf8;
/*!40101 SET character_set_client = @saved_cs_client */;

--
-- Dumping data for table `Conversations`
--

LOCK TABLES `Conversations` WRITE;
/*!40000 ALTER TABLE `Conversations` DISABLE KEYS */;
INSERT INTO `Conversations` VALUES ('04d38882-9a9b-469f-8e4e-c0beb7818940','Yeah!',0,'2018-07-05 13:15:10','2018-07-05 13:15:10','8c16767d-21b0-42f0-9d24-40f29650c3b8','82f60535-91ae-48be-b5c3-cb8b75b5d39d'),('0651adc2-149b-4e1d-bf18-0b89d3ae87f3','Bro, im taller than you, in absolute terms, show me bout knowledge?\n',0,'2018-07-05 12:38:57','2018-07-05 12:38:57','b8bfe5c8-68d5-4353-9868-230147233770','c5aff127-ffbe-4b87-ad80-007cffe99409'),('089f121d-9681-49a1-b660-67e300e9dbe3','Yes i need this',0,'2018-07-05 12:17:01','2018-07-05 12:17:01','1ce4c95c-9bc9-4176-9a27-10be5dd3e727','92759eee-5a0f-42a3-a21a-5796543fe69a'),('09a0d071-5ccb-42aa-a5fa-1ce6d3b48dd1','Oi! I know how to conquer a dance floor, but what the hell is Bachata?',0,'2018-07-05 11:57:06','2018-07-05 11:57:06','74479ab3-794b-44b4-b3c5-f98ce548d42b','e487a817-3089-44f1-bb03-a6a46b6a664d'),('0b63dd01-c2bf-47fa-b1ce-0bdb5070d235','Im fairly impressed by this skill, can we get it on?',0,'2018-07-05 12:36:27','2018-07-05 12:36:27','afe16cad-3b20-4540-8fb5-6bd0ad8923d9','c5aff127-ffbe-4b87-ad80-007cffe99409'),('109b86f5-8bf2-4ad3-8297-04a31f22fee2','Perhaps this could be combined with chinese food?',0,'2018-07-05 12:40:16','2018-07-05 12:40:16','ea6fb1e1-0d48-427a-b7a5-98637ba95513','82f60535-91ae-48be-b5c3-cb8b75b5d39d'),('15df0cf1-bd76-4506-9ecb-b0b26135ad97','I really need to get into this',1,'2018-07-05 12:31:03','2018-07-05 12:31:59','3d67dca6-36df-4e47-b7e3-99578e7c0eaa','56c74284-0d07-48ed-9850-5706ae500a25'),('21231c5a-1e41-4dd5-8fa9-f48c5aa84839','I really think so',0,'2018-07-05 13:18:36','2018-07-05 13:18:36','c5c729e9-c11f-46d5-ab34-6059cdbc9445','82f60535-91ae-48be-b5c3-cb8b75b5d39d'),('215284af-2ad6-4935-9e99-8218334fc112','Mate, absolutely need to learn this skill, its a must have for the thesis project! Wanna show me?',1,'2018-07-05 11:56:37','2018-07-05 12:27:40','3d806aa5-0553-4828-9f82-2c1ab31b8fa7','e487a817-3089-44f1-bb03-a6a46b6a664d'),('23238f04-494f-40d8-a105-b3a5a72b1dc8','Christofer, you are way too funny, tell me about sheep hearding',0,'2018-07-05 12:10:52','2018-07-05 12:10:52','e3c23d2d-a952-411e-a983-12fc703c1a0b','25b056b0-d0cf-45e0-bde9-7ecbb721d2f5'),('2494e141-63a9-44ab-a68b-f74a5a5b2af3','Mol ben Cap de suro, show me',0,'2018-07-05 12:09:22','2018-07-05 12:09:22','697dbc4a-0634-4689-8db5-ee26356c15f1','25b056b0-d0cf-45e0-bde9-7ecbb721d2f5'),('25457d2b-ea5f-4d05-81f9-933778f87310','Woah!',0,'2018-07-05 12:40:49','2018-07-05 12:40:49','fcc688f6-c1ed-4652-8a6e-778895d011ad','82f60535-91ae-48be-b5c3-cb8b75b5d39d'),('2e8733a9-7c36-4f3d-bb05-8aaad2349dd1','I have a really hard time to sleep on airplanes...  Very interested to learn this skill.',0,'2018-07-05 12:07:26','2018-07-05 12:07:26','afe16cad-3b20-4540-8fb5-6bd0ad8923d9','8ddebf3a-821b-49ed-8962-8985c6f15792'),('3211a5f2-b0c1-4af2-9b42-43f60437ad3a','I need to teach this to my girlfriend! Let\'s meet!',0,'2018-07-05 12:15:55','2018-07-05 12:15:55','ceb1157b-dfc8-4ff6-8b4e-40ceacc3eeea','fd6b9367-f918-42d5-b666-c9e46cf95669'),('34a94ff2-b357-45e8-86cc-420b281856d5','I\'m thinking about moving there, could you share some light on the topic?',1,'2018-07-05 11:56:20','2018-07-05 12:33:22','8a596908-a31b-46e7-a7ff-9102ca4c9b25','761f66df-5c55-4bd3-9496-f71329b667ee'),('34d8e480-de0f-4cfc-aee3-6e0e94708940','I dunno about kids but need to reproduce myself this evening for the thesis project presentation!',0,'2018-07-05 12:00:40','2018-07-05 12:00:40','1ce4c95c-9bc9-4176-9a27-10be5dd3e727','e487a817-3089-44f1-bb03-a6a46b6a664d'),('36a3c347-686e-47e0-abdd-750d3ebf90b2','Sounds amazing bro!',0,'2018-07-05 12:29:05','2018-07-05 12:29:05','d8cc2231-bd8c-4def-a534-5fb345c04fab','d4ed7dc8-87de-42ab-b100-c5e1860f22ef'),('3a3f3f62-a224-4db8-87e8-596a5a4ca656','Have you ever sauned like a true half-finn? Do you even löyly, bro?',1,'2018-07-05 12:16:47','2018-07-05 12:39:36','d8cc2231-bd8c-4def-a534-5fb345c04fab','fd6b9367-f918-42d5-b666-c9e46cf95669'),('4111c63a-2578-45d7-8d4f-7ac251b01af7','Looks like I\'ve been all my life searching  for this kind of knowledge!',1,'2018-07-05 12:16:51','2018-07-05 12:39:30','e3c23d2d-a952-411e-a983-12fc703c1a0b','56c74284-0d07-48ed-9850-5706ae500a25'),('45f83ff1-0a2c-4dd4-9a91-4f49a4531dea','Great minds think alike. Perhaps we can share our experience on this topic?',0,'2018-07-05 11:49:24','2018-07-05 11:49:24','3d806aa5-0553-4828-9f82-2c1ab31b8fa7','b2b5e816-d8d6-4347-b152-81bfe341ca90'),('468cb2eb-496b-4cd3-9c7c-8b138c1de878','i\'m a stargazer on github!',1,'2018-07-05 12:01:44','2018-07-05 12:14:14','0405820c-f9cc-43b1-a961-baab79c9c980','e487a817-3089-44f1-bb03-a6a46b6a664d'),('468eb26b-911b-4a6b-96fb-c39fe94d449f','Hello david, I\'d like learn more about Montserrat!',0,'2018-07-05 13:15:38','2018-07-05 13:15:38','697dbc4a-0634-4689-8db5-ee26356c15f1','82f60535-91ae-48be-b5c3-cb8b75b5d39d'),('46c26eb6-c623-4b1c-be0c-fb011abad116','Definately!',0,'2018-07-05 13:13:22','2018-07-05 13:13:22','afe16cad-3b20-4540-8fb5-6bd0ad8923d9','82f60535-91ae-48be-b5c3-cb8b75b5d39d'),('4a625be3-ba7e-41b5-a7e2-df564e1ca613','I think this is very relevant',0,'2018-07-05 12:31:24','2018-07-05 12:31:24','fcc7ece9-2dfc-4782-9b7b-91f4e546e077','d4ed7dc8-87de-42ab-b100-c5e1860f22ef'),('4b88d05e-c6d0-496f-a970-0f69d314fba7','What is mashup?',0,'2018-07-05 11:57:17','2018-07-05 11:57:17','6edf3135-e985-488e-adce-8ebb21360ef4','761f66df-5c55-4bd3-9496-f71329b667ee'),('4e573df8-6a31-4656-a257-aaa9cdc90685','I want to become a true finn!',0,'2018-07-05 11:53:11','2018-07-05 11:53:11','d8cc2231-bd8c-4def-a534-5fb345c04fab','b2b5e816-d8d6-4347-b152-81bfe341ca90'),('50d3131e-9ba2-4176-9828-711f975b7aa1','Perhaps you could give me some guidance?',0,'2018-07-05 12:28:23','2018-07-05 12:28:23','a11ab11c-b610-4ae9-9daf-15f756afca56','d4ed7dc8-87de-42ab-b100-c5e1860f22ef'),('56b63fe7-8c10-4667-a5af-b780eae7b678','Hey man, we\'re the best team ever, thanks for being such a colourful chap!',0,'2018-07-05 12:06:52','2018-07-05 12:06:52','3d806aa5-0553-4828-9f82-2c1ab31b8fa7','25b056b0-d0cf-45e0-bde9-7ecbb721d2f5'),('56f1d5ce-a383-41ff-81a1-f3f8d26d970e','Yeas',0,'2018-07-05 13:21:00','2018-07-05 13:21:00','430bbebb-ac21-4d6f-a925-e5c5be12305e','82f60535-91ae-48be-b5c3-cb8b75b5d39d'),('5aed1511-4d4a-4393-93cb-8e8ede9b3324','I want to become a real brazilian too!',0,'2018-07-05 12:28:53','2018-07-05 12:28:53','3fa41ac1-e109-4292-9469-23350d90a2b7','d4ed7dc8-87de-42ab-b100-c5e1860f22ef'),('5b6d7618-9c50-4ca8-b8b1-735048b6acd7','Bro, how\'s the github?',0,'2018-07-05 12:35:27','2018-07-05 12:35:27','2ed2966b-631a-44fe-9e40-1bb820b0c98f','c5aff127-ffbe-4b87-ad80-007cffe99409'),('6178313a-ecea-4248-b243-d695c351323e','I don\'t smoke but i can have a beer with you.',0,'2018-07-05 12:08:36','2018-07-05 12:08:36','b8bfe5c8-68d5-4353-9868-230147233770','25b056b0-d0cf-45e0-bde9-7ecbb721d2f5'),('6319ccab-55f6-4ac9-9f60-249881ac09bc','I am super interested! When could we meet?',1,'2018-07-05 11:58:02','2018-07-05 12:12:18','b8bfe5c8-68d5-4353-9868-230147233770','8ddebf3a-821b-49ed-8962-8985c6f15792'),('63f46ffa-9a29-4b44-bab0-41e93a08b4cd','So i met this girl on the internet... I think I need to worry about the in-laws?',1,'2018-07-05 11:58:40','2018-07-05 12:13:21','8c16767d-21b0-42f0-9d24-40f29650c3b8','761f66df-5c55-4bd3-9496-f71329b667ee'),('64fd1b10-c2be-4fbf-849f-ca2767f982cb','Clothes that are worn in could be stored for a random while then taken out for summer?',0,'2018-07-05 12:39:45','2018-07-05 12:39:45','ceb1157b-dfc8-4ff6-8b4e-40ceacc3eeea','c5aff127-ffbe-4b87-ad80-007cffe99409'),('6612f40b-374b-4db7-ab67-73be6b4ec1c3','hey cristina, i really want to learn this!',0,'2018-07-05 16:25:54','2018-07-05 16:25:54','1ce4c95c-9bc9-4176-9a27-10be5dd3e727','82f60535-91ae-48be-b5c3-cb8b75b5d39d'),('6c78a3fd-ee90-4aa8-80b2-2f9134b8f741','I am very shy and would love to learn this technics!',1,'2018-07-05 12:01:28','2018-07-05 12:24:21','3d806aa5-0553-4828-9f82-2c1ab31b8fa7','8ddebf3a-821b-49ed-8962-8985c6f15792'),('6d0c0c89-5cd2-43a2-a3a9-aff4f4b8df98','I guess this would work just by beeing me?',0,'2018-07-05 12:37:29','2018-07-05 12:37:29','3d806aa5-0553-4828-9f82-2c1ab31b8fa7','c5aff127-ffbe-4b87-ad80-007cffe99409'),('6e2b0d58-415f-4485-b653-67941386a800','This sounds super usefull. My dog Mike Pence could be my new wingman',1,'2018-07-05 12:10:25','2018-07-05 12:24:28','71e82d2e-f619-42d0-acf0-4e97fdac7d27','92759eee-5a0f-42a3-a21a-5796543fe69a'),('6e682920-f29b-4d7c-8436-42f4325bce47','I think my GF needs this!',0,'2018-07-05 13:15:52','2018-07-05 13:15:52','fcc7ece9-2dfc-4782-9b7b-91f4e546e077','82f60535-91ae-48be-b5c3-cb8b75b5d39d'),('7123ebd6-699d-4f8d-9f41-af814e56d5e1','Mol, ben, let\'s try it!',0,'2018-07-05 12:17:10','2018-07-05 12:17:10','6edf3135-e985-488e-adce-8ebb21360ef4','fd6b9367-f918-42d5-b666-c9e46cf95669'),('71bcabcf-af7a-4e71-b50c-fa973b6987c0','That\'s interesting ',1,'2018-07-05 12:32:16','2018-07-05 12:39:25','58645a0e-affc-4cf0-a5a5-c151391ada0e','d4ed7dc8-87de-42ab-b100-c5e1860f22ef'),('7badceef-68ec-4730-84cd-aaab6975c325','Whip it like it\'s hot homie!',0,'2018-07-05 12:35:52','2018-07-05 12:35:52','71e82d2e-f619-42d0-acf0-4e97fdac7d27','c5aff127-ffbe-4b87-ad80-007cffe99409'),('7bb3d6ca-5b7c-48d2-b9ec-35ebcac53273','Sound super interesting. I want to learn from the best',0,'2018-07-05 12:36:34','2018-07-05 12:36:34','fcc7ece9-2dfc-4782-9b7b-91f4e546e077','56c74284-0d07-48ed-9850-5706ae500a25'),('7bf2cc78-558c-4fe3-bced-4fe5ed3a751b','Hi Chris, im into relaxing, but have never understood how to get my juices flowing in a Sauna, would love to hear how you do it!',0,'2018-07-05 11:55:40','2018-07-05 11:55:40','d8cc2231-bd8c-4def-a534-5fb345c04fab','e487a817-3089-44f1-bb03-a6a46b6a664d'),('7de0d4a3-db0f-4aff-a477-a9fdb397f5d0','Is\'nt this just bread under mashed tomato?',0,'2018-07-05 12:15:23','2018-07-05 12:15:23','ea6fb1e1-0d48-427a-b7a5-98637ba95513','fd6b9367-f918-42d5-b666-c9e46cf95669'),('7f3ac5a2-531a-4898-8a90-e6cd1d6248ba','This sounds awesome man!',0,'2018-07-05 12:27:57','2018-07-05 12:27:57','7dd604ac-b3e4-41e4-a83d-fa3007315add','d4ed7dc8-87de-42ab-b100-c5e1860f22ef'),('807e5068-9a98-41eb-9fbc-00e9964b4b93','Tell me more about this',0,'2018-07-05 12:35:55','2018-07-05 12:35:55','f5a75e7e-1628-49f0-aaae-c73342d6bed5','56c74284-0d07-48ed-9850-5706ae500a25'),('81cde7de-7673-4d63-a3f7-602ba2aa44f1','The exact thing I need',0,'2018-07-05 12:28:37','2018-07-05 12:28:37','3d67dca6-36df-4e47-b7e3-99578e7c0eaa','d4ed7dc8-87de-42ab-b100-c5e1860f22ef'),('832928bb-d284-4b27-9e2e-d1d56275527c','Sounds usefull!',0,'2018-07-05 12:40:01','2018-07-05 12:40:01','71e82d2e-f619-42d0-acf0-4e97fdac7d27','82f60535-91ae-48be-b5c3-cb8b75b5d39d'),('84c90930-0ddc-4805-8c1f-11b6f13ee70a','This could be very usefull.',1,'2018-07-05 12:03:33','2018-07-05 12:11:27','1ce4c95c-9bc9-4176-9a27-10be5dd3e727','761f66df-5c55-4bd3-9496-f71329b667ee'),('87d5d3a4-06e9-4db1-b137-6936f29951a7','That\'s amazing!',0,'2018-07-05 12:40:27','2018-07-05 12:40:27','3d67dca6-36df-4e47-b7e3-99578e7c0eaa','82f60535-91ae-48be-b5c3-cb8b75b5d39d'),('8dbea12b-5d67-459f-b54b-92ac99e3d31f','This is good, can u teach me?',0,'2018-07-05 12:13:07','2018-07-05 12:13:07','58645a0e-affc-4cf0-a5a5-c151391ada0e','92759eee-5a0f-42a3-a21a-5796543fe69a'),('9712dc8b-98c0-494e-811d-145d00b7b420','Missing this skill in my CV',1,'2018-07-05 12:35:25','2018-07-05 12:37:28','164028a9-15d6-4606-b584-f24310837de1','56c74284-0d07-48ed-9850-5706ae500a25'),('9fc525bb-5ea9-4797-9968-1245b0801bd4','Me and my new best friend Kim Jong Un are getting close. I need to learn more about north korea.!',0,'2018-07-05 12:09:55','2018-07-05 12:09:55','8a596908-a31b-46e7-a7ff-9102ca4c9b25','92759eee-5a0f-42a3-a21a-5796543fe69a'),('a32e261a-20e5-4f33-9578-44abb7eda071','I\'d always wanted to teach my pet penguin to fly.',0,'2018-07-05 11:51:55','2018-07-05 11:51:55','f982d1ab-e144-4032-8fc3-3bb6ba5f4632','b2b5e816-d8d6-4347-b152-81bfe341ca90'),('a6869d5b-661b-4764-96ea-380efe12dce4','How about some beer pong?',0,'2018-07-05 11:59:35','2018-07-05 11:59:35','4b6bec6a-d4a4-42b2-b5e1-12b776f2623c','e487a817-3089-44f1-bb03-a6a46b6a664d'),('a885d8da-bc72-4512-baf0-2df5fcfec507','I totally agree!',0,'2018-07-05 12:31:07','2018-07-05 12:31:07','afe16cad-3b20-4540-8fb5-6bd0ad8923d9','d4ed7dc8-87de-42ab-b100-c5e1860f22ef'),('a972a20f-ce88-4db1-a08b-e5100b4ba501','Yeah, but what if i\'m the black sheep?',0,'2018-07-05 12:07:44','2018-07-05 12:07:44','e3c23d2d-a952-411e-a983-12fc703c1a0b','92759eee-5a0f-42a3-a21a-5796543fe69a'),('ab724160-3593-4165-b569-633d8a30aa17','I really need need to learn it. Currently i hit like a child',0,'2018-07-05 12:07:02','2018-07-05 12:07:02','fa905b9c-4352-4349-8d9a-0c3bd2b038d5','92759eee-5a0f-42a3-a21a-5796543fe69a'),('b0b93009-c4f8-45a5-b1fc-ee0b4584b402','buddy = penguin?',0,'2018-07-05 12:31:38','2018-07-05 12:31:38','f982d1ab-e144-4032-8fc3-3bb6ba5f4632','d4ed7dc8-87de-42ab-b100-c5e1860f22ef'),('b1d18a20-c911-464e-bf1a-769f5b908c9f','Yes, I think this sounds like something I want to learn',0,'2018-07-05 12:20:37','2018-07-05 12:20:37','d8cc2231-bd8c-4def-a534-5fb345c04fab','92759eee-5a0f-42a3-a21a-5796543fe69a'),('b3965db8-98d2-48a5-ad02-23a7b0360c11','Dont think it works quite that way, but interested in a one-for-all solution. Do you take bitcoins?',0,'2018-07-05 12:38:20','2018-07-05 12:38:20','6edf3135-e985-488e-adce-8ebb21360ef4','c5aff127-ffbe-4b87-ad80-007cffe99409'),('b9cef46f-ec1d-42be-9ff3-8ecdaee583e9','Did someone say hacks?! I want to learn this. ',1,'2018-07-05 11:56:54','2018-07-05 12:03:36','7eeada71-f849-48e8-a48a-249af5d66cbb','761f66df-5c55-4bd3-9496-f71329b667ee'),('bfed4979-db0a-4e6a-827a-3385f9103a71','Man, I have alot of cardboard available. Let\'s do it? I\'ll bring pizza',0,'2018-07-05 13:14:23','2018-07-05 13:14:23','0405820c-f9cc-43b1-a961-baab79c9c980','82f60535-91ae-48be-b5c3-cb8b75b5d39d'),('c1dea186-57f5-4a51-800f-ca15d7cb5fd2','Will this make the america great again?',0,'2018-07-05 12:16:10','2018-07-05 12:16:10','3d67dca6-36df-4e47-b7e3-99578e7c0eaa','92759eee-5a0f-42a3-a21a-5796543fe69a'),('c1fa0fb9-4b26-434a-8eb6-aee3c2134121','Dibs on this one!',0,'2018-07-05 11:57:53','2018-07-05 11:57:53','a11ab11c-b610-4ae9-9daf-15f756afca56','e487a817-3089-44f1-bb03-a6a46b6a664d'),('c689de22-331a-4756-901f-04b63e72f769','Could be good to know when I get my next wife.',1,'2018-07-05 12:15:07','2018-07-05 12:19:26','8c16767d-21b0-42f0-9d24-40f29650c3b8','92759eee-5a0f-42a3-a21a-5796543fe69a'),('c7083299-11ff-411c-b7f6-876a145936b9','Sounds amazing!',0,'2018-07-05 12:31:15','2018-07-05 12:31:15','0405820c-f9cc-43b1-a961-baab79c9c980','d4ed7dc8-87de-42ab-b100-c5e1860f22ef'),('cfc7a5d1-c82e-4daf-9650-e3ee1e80c924','I agree with the description. Introduce me pls?',0,'2018-07-05 11:57:38','2018-07-05 11:57:38','fcc688f6-c1ed-4652-8a6e-778895d011ad','761f66df-5c55-4bd3-9496-f71329b667ee'),('d2ed1392-e8e4-4c91-876a-a3a7b80e4d70','Hear yey!',0,'2018-07-05 12:37:11','2018-07-05 12:37:11','e3c23d2d-a952-411e-a983-12fc703c1a0b','c5aff127-ffbe-4b87-ad80-007cffe99409'),('d406c551-2bdb-4873-8193-41880b408079','Yes!',0,'2018-07-05 12:34:14','2018-07-05 12:34:14','e3c23d2d-a952-411e-a983-12fc703c1a0b','d4ed7dc8-87de-42ab-b100-c5e1860f22ef'),('d80f249e-e3e9-479e-8814-aba7fcb6412a','I need to learn how to beat the chinese goverment. Help me',1,'2018-07-05 12:06:34','2018-07-05 12:33:25','4b6bec6a-d4a4-42b2-b5e1-12b776f2623c','92759eee-5a0f-42a3-a21a-5796543fe69a'),('d895a595-79fc-4c9a-893f-273b211196e7','Is that a promise?',0,'2018-07-05 12:20:46','2018-07-05 12:20:46','0ad44548-2523-443c-a2f6-bf6904407289','fd6b9367-f918-42d5-b666-c9e46cf95669'),('dec0d2df-3412-416c-b590-b7a35553a8c6','Should I stop using my wifes clothes?',0,'2018-07-05 12:18:58','2018-07-05 12:18:58','ceb1157b-dfc8-4ff6-8b4e-40ceacc3eeea','92759eee-5a0f-42a3-a21a-5796543fe69a'),('e1b8eb5f-a8f3-4a89-8a77-f28eeca25810','That\'s something I wanna learn',0,'2018-07-05 13:12:56','2018-07-05 13:12:56','a11ab11c-b610-4ae9-9daf-15f756afca56','82f60535-91ae-48be-b5c3-cb8b75b5d39d'),('e65b55ef-eb82-477b-ac01-243f9baf099b','I think carlos doesen\'t know how to fly yet, but perhaps in time?',0,'2018-07-05 11:59:12','2018-07-05 11:59:12','f982d1ab-e144-4032-8fc3-3bb6ba5f4632','761f66df-5c55-4bd3-9496-f71329b667ee'),('f50fd10d-b656-4439-903d-473644d1cec7','Hey cristina, I really want to learn this! ',0,'2018-07-05 15:37:46','2018-07-05 15:37:46','1ce4c95c-9bc9-4176-9a27-10be5dd3e727','82f60535-91ae-48be-b5c3-cb8b75b5d39d'),('f515963e-c16a-4836-abb7-793a9caad5aa','Yes, this sounds good. Teach me now!',1,'2018-07-05 12:15:38','2018-07-05 12:27:38','3d806aa5-0553-4828-9f82-2c1ab31b8fa7','92759eee-5a0f-42a3-a21a-5796543fe69a'),('f992d9b9-a015-4fd5-b5f2-1d8e543c28d9','There\'s no one funnier than you! I need to get this!',1,'2018-07-05 11:57:34','2018-07-05 11:59:24','7dd604ac-b3e4-41e4-a83d-fa3007315add','e487a817-3089-44f1-bb03-a6a46b6a664d'),('faa59a43-bad0-4d0d-929c-5072da18905c','That\'s amazing. I\'d like to learn!',0,'2018-07-05 11:48:57','2018-07-05 11:48:57','3fa41ac1-e109-4292-9469-23350d90a2b7','b2b5e816-d8d6-4347-b152-81bfe341ca90'),('fba4ab16-0e32-419f-9010-b24f80590ae1','England and scottland',0,'2018-07-05 12:32:45','2018-07-05 12:32:45','c5c729e9-c11f-46d5-ab34-6059cdbc9445','d4ed7dc8-87de-42ab-b100-c5e1860f22ef'),('fc52214d-172d-4e8b-811b-72bfb97a2870','Yeah!',0,'2018-07-05 13:13:46','2018-07-05 13:13:46','3d806aa5-0553-4828-9f82-2c1ab31b8fa7','82f60535-91ae-48be-b5c3-cb8b75b5d39d'),('fe9a007f-17c4-40f4-a1da-3151cbbd941d','Such a usefull skill to have!',0,'2018-07-05 12:28:11','2018-07-05 12:28:11','8044ea4d-e5a6-4835-a9e0-04faa018c803','d4ed7dc8-87de-42ab-b100-c5e1860f22ef');
/*!40000 ALTER TABLE `Conversations` ENABLE KEYS */;
UNLOCK TABLES;

--
-- Table structure for table `Messages`
--

DROP TABLE IF EXISTS `Messages`;
/*!40101 SET @saved_cs_client     = @@character_set_client */;
 SET character_set_client = utf8mb4 ;
CREATE TABLE `Messages` (
  `pk_message_id` char(36) CHARACTER SET utf8 COLLATE utf8_bin NOT NULL,
  `time_stamp` datetime NOT NULL,
  `message_creator_id` char(36) CHARACTER SET utf8 COLLATE utf8_bin NOT NULL,
  `message` varchar(255) NOT NULL,
  `created_at` datetime NOT NULL,
  `updated_at` datetime NOT NULL,
  `fk_conversation_id` char(36) CHARACTER SET utf8 COLLATE utf8_bin NOT NULL,
  PRIMARY KEY (`pk_message_id`),
  KEY `fk_conversation_id` (`fk_conversation_id`),
  CONSTRAINT `messages_ibfk_1` FOREIGN KEY (`fk_conversation_id`) REFERENCES `conversations` (`pk_conversation_id`) ON DELETE CASCADE ON UPDATE CASCADE
) ENGINE=InnoDB DEFAULT CHARSET=utf8;
/*!40101 SET character_set_client = @saved_cs_client */;

--
-- Dumping data for table `Messages`
--

LOCK TABLES `Messages` WRITE;
/*!40000 ALTER TABLE `Messages` DISABLE KEYS */;
INSERT INTO `Messages` VALUES ('38aa8f26-b114-42b8-84a9-7f20accdcabe','2018-07-05 16:03:02','82f60535-91ae-48be-b5c3-cb8b75b5d39d','hey david, whats up?','2018-07-05 16:03:02','2018-07-05 16:03:02','4111c63a-2578-45d7-8d4f-7ac251b01af7'),('3ab00031-b7cc-4513-921e-f7a9e08b387c','2018-07-05 16:03:10','56c74284-0d07-48ed-9850-5706ae500a25','Hi Chris!','2018-07-05 16:03:10','2018-07-05 16:03:10','4111c63a-2578-45d7-8d4f-7ac251b01af7'),('3da6bd36-cfa0-44f9-83cb-3c96dd3dc813','2018-07-05 12:03:50','e487a817-3089-44f1-bb03-a6a46b6a664d','Hey Lars, yeah you\'re funny!','2018-07-05 12:03:50','2018-07-05 12:03:50','b9cef46f-ec1d-42be-9ff3-8ecdaee583e9'),('49e3b4fc-e966-4c07-a6d6-f93643ce2531','2018-07-05 12:14:47','fd6b9367-f918-42d5-b666-c9e46cf95669','How\'s her spelling? You know girls in your age text really fast and dont mind typos, if there\'s no typos and all here messages are in present sense, she\'s probably not a keeper (if you don\'t mind wasting your time)','2018-07-05 12:14:47','2018-07-05 12:14:47','63f46ffa-9a29-4b44-bab0-41e93a08b4cd'),('5966c189-1092-4772-8d83-d53f4d7993b2','2018-07-05 12:04:45','e487a817-3089-44f1-bb03-a6a46b6a664d','Hey man, listen i got an appointment but it would be good to get some pointers from you on the funnyness. Maybe a one-for-one trade on my life-hacks?','2018-07-05 12:04:45','2018-07-05 12:04:45','f992d9b9-a015-4fd5-b5f2-1d8e543c28d9'),('62c22179-b362-4495-a88d-a2eeb9c5a890','2018-07-05 12:03:59','e487a817-3089-44f1-bb03-a6a46b6a664d','Are you there?','2018-07-05 12:03:59','2018-07-05 12:03:59','b9cef46f-ec1d-42be-9ff3-8ecdaee583e9'),('80dd194a-5982-4354-9aae-45f76b900e10','2018-07-05 12:27:17','d4ed7dc8-87de-42ab-b100-c5e1860f22ef','Hi cristina! Very nice to meet you!','2018-07-05 12:27:17','2018-07-05 12:27:17','6c78a3fd-ee90-4aa8-80b2-2f9134b8f741'),('8aec41db-d846-4dda-a284-52f65c6740ea','2018-07-05 12:34:12','c5aff127-ffbe-4b87-ad80-007cffe99409','Hey man, take a chill pill!','2018-07-05 12:34:12','2018-07-05 12:34:12','d80f249e-e3e9-479e-8814-aba7fcb6412a'),('9ff5fa61-d7ba-49a5-a369-946d5c4304b5','2018-07-05 12:34:01','c5aff127-ffbe-4b87-ad80-007cffe99409','Dont mind moving there with you!','2018-07-05 12:34:01','2018-07-05 12:34:01','34a94ff2-b357-45e8-86cc-420b281856d5'),('a1e53135-a148-40e9-a99f-7aaa8e1801a1','2018-07-05 12:19:35','fd6b9367-f918-42d5-b666-c9e46cf95669','Hey don, lets meet','2018-07-05 12:19:35','2018-07-05 12:19:35','c689de22-331a-4756-901f-04b63e72f769'),('a5b7e96a-1ba5-4007-bdca-c578115fbef0','2018-07-05 11:59:39','761f66df-5c55-4bd3-9496-f71329b667ee','Hi','2018-07-05 11:59:39','2018-07-05 11:59:39','f992d9b9-a015-4fd5-b5f2-1d8e543c28d9'),('a990f2af-47fe-4cdc-9553-91242f5f13ed','2018-07-05 12:13:02','fd6b9367-f918-42d5-b666-c9e46cf95669','Hey Cristina, im busy right now but for september 11:th i have a schedule opening, how does that sound? Can you come to Stockholm?','2018-07-05 12:13:02','2018-07-05 12:13:02','6319ccab-55f6-4ac9-9f60-249881ac09bc'),('e4167077-88c5-42d6-90d2-9ddaf53f9651','2018-07-05 12:13:45','fd6b9367-f918-42d5-b666-c9e46cf95669','You met a girl lars, you sure she\'s not an AI-robot?','2018-07-05 12:13:45','2018-07-05 12:13:45','63f46ffa-9a29-4b44-bab0-41e93a08b4cd'),('e5ad8b59-1923-4dd8-9ffb-1cc1338f614e','2018-07-05 12:30:07','fd6b9367-f918-42d5-b666-c9e46cf95669','Take it easy man!','2018-07-05 12:30:07','2018-07-05 12:30:07','c689de22-331a-4756-901f-04b63e72f769'),('fe8e6941-d47c-4d19-96b7-95700443c990','2018-07-05 12:22:09','92759eee-5a0f-42a3-a21a-5796543fe69a','Pablo. I think we should meet. We need to discuss about fake news!','2018-07-05 12:22:09','2018-07-05 12:22:09','c689de22-331a-4756-901f-04b63e72f769');
/*!40000 ALTER TABLE `Messages` ENABLE KEYS */;
UNLOCK TABLES;

--
-- Table structure for table `Reviews`
--

DROP TABLE IF EXISTS `Reviews`;
/*!40101 SET @saved_cs_client     = @@character_set_client */;
 SET character_set_client = utf8mb4 ;
CREATE TABLE `Reviews` (
  `pk_review_id` char(36) CHARACTER SET utf8 COLLATE utf8_bin NOT NULL,
  `description` varchar(400) NOT NULL,
  `time_stamp` datetime NOT NULL,
  `created_at` datetime NOT NULL,
  `updated_at` datetime NOT NULL,
  `fk_conversation_id` char(36) CHARACTER SET utf8 COLLATE utf8_bin NOT NULL,
  PRIMARY KEY (`pk_review_id`),
  KEY `fk_conversation_id` (`fk_conversation_id`),
  CONSTRAINT `reviews_ibfk_1` FOREIGN KEY (`fk_conversation_id`) REFERENCES `conversations` (`pk_conversation_id`) ON DELETE CASCADE ON UPDATE CASCADE
) ENGINE=InnoDB DEFAULT CHARSET=utf8;
/*!40101 SET character_set_client = @saved_cs_client */;

--
-- Dumping data for table `Reviews`
--

LOCK TABLES `Reviews` WRITE;
/*!40000 ALTER TABLE `Reviews` DISABLE KEYS */;
INSERT INTO `Reviews` VALUES ('07eee7d2-3f53-48f4-a022-18411bfa6861','Now I finally don\'t git like a 5 year old kid anymore. Thanks Ben. ','2018-07-05 12:12:01','2018-07-05 12:12:01','2018-07-05 12:12:01','ab724160-3593-4165-b569-633d8a30aa17'),('0f88ca45-b791-4baf-a027-f0b833f6229a','Finally I can start building a wall between UK and EU. It\'s awesome. Thanks Donald for the inspiration. ','2018-07-05 12:33:13','2018-07-05 12:33:13','2018-07-05 12:33:13','fba4ab16-0e32-419f-9010-b24f80590ae1'),('17914f61-5ca4-4977-a01f-a25a30060fac','Christophers experise on this subject was very valuble. My dog Buddy now can herd like a pro. (on the dancefloor)','2018-07-05 12:35:31','2018-07-05 12:35:31','2018-07-05 12:35:31','d406c551-2bdb-4873-8193-41880b408079'),('18f8e7bb-b7b6-4d92-90a2-49a0d4f4ac76','Ben, my man. I\'ll be forever in debt. I don\'t even have to pay for my beer anymore. Thanks\n#LifeChanger','2018-07-05 13:20:44','2018-07-05 13:20:44','2018-07-05 13:20:44','832928bb-d284-4b27-9e2e-d1d56275527c'),('2565987a-b47d-4614-a0fe-b09283981cc3','Don\'t trust this guy. He is fake news. Finland doesent exist.','2018-07-05 12:21:20','2018-07-05 12:21:20','2018-07-05 12:21:20','b1d18a20-c911-464e-bf1a-769f5b908c9f'),('352d2ff5-2bbb-4b64-8859-5741e7d13cc4','I finally found the holy grail. Thanks Cristina for teaching me this awesome magic trick!','2018-07-05 12:04:04','2018-07-05 12:04:04','2018-07-05 12:04:04','84c90930-0ddc-4805-8c1f-11b6f13ee70a'),('36eeda45-33ce-4a88-a050-10c1d6c9c3b9','Before I was unsure if I had things thing called \"intelligence\", now I know that I have one. It\'s Huuuuuuuuge. I think it was over 50.','2018-07-05 12:14:04','2018-07-05 12:14:04','2018-07-05 12:14:04','8dbea12b-5d67-459f-b54b-92ac99e3d31f'),('3e15edf6-b173-4b2e-ae16-e4551c99b77a','It was a dramatic experience!','2018-07-05 11:52:43','2018-07-05 11:52:43','2018-07-05 11:52:43','45f83ff1-0a2c-4dd4-9a91-4f49a4531dea'),('3e7f840c-c04e-4852-902f-20ea51a11891','This is amazing. Thanks to Fiverr we managed to create our senior thesis project!','2018-07-05 13:14:59','2018-07-05 13:14:59','2018-07-05 13:14:59','87d5d3a4-06e9-4db1-b137-6936f29951a7'),('48e85a46-345b-400a-96b6-74c4ab5fad10','Yes. yes. I tell you, what an awesome skill to learn. Now me and buddy can dance samba like real brazilians. ','2018-07-05 12:30:57','2018-07-05 12:30:57','2018-07-05 12:30:57','5aed1511-4d4a-4393-93cb-8e8ede9b3324'),('4e0d793e-cd7d-4f33-a4c2-83224bd8cccb','Now I can surf in the web in a completely new way. Thanks Doruk for sharing your awesome technics.','2018-07-05 12:40:09','2018-07-05 12:40:09','2018-07-05 12:40:09','9712dc8b-98c0-494e-811d-145d00b7b420'),('5080b75f-6647-40bf-a007-de55e00d388c','Was very insightful! Now I feel ready to take a new direction in my life. See you spain. Welcome North Korea!','2018-07-05 12:00:34','2018-07-05 12:00:34','2018-07-05 12:00:34','34a94ff2-b357-45e8-86cc-420b281856d5'),('772e14f1-b616-4d20-bbc0-340e85bb1d47','So thing is. My wifes clothes are so pretty, so I use them all the time. But then life happens, and bellie button can\'t be seen anymore. Thanks to the teachings of cristina I now wear my suites more','2018-07-05 12:20:16','2018-07-05 12:20:16','2018-07-05 12:20:16','dec0d2df-3412-416c-b590-b7a35553a8c6'),('7bf56142-b315-4978-8325-ccae6424ed0c','Learning to be a Picky !%#?*@ came very naturally to me. Had a real good time. Thanks!','2018-07-05 13:18:13','2018-07-05 13:18:13','2018-07-05 13:18:13','e1b8eb5f-a8f3-4a89-8a77-f28eeca25810'),('7e0e24c2-5e70-42d4-80e5-18257f7ac1f7','This is very useful. Instead of hacking, I have found a new approach to dealing with my in-laws!','2018-07-05 12:01:09','2018-07-05 12:01:09','2018-07-05 12:01:09','63f46ffa-9a29-4b44-bab0-41e93a08b4cd'),('8392309c-142a-48bd-b859-333bd26e0d0f','Me and my buddy Kim are much closer thanks to this. Praise Kim jong un! I really want to be like him when I grow up.','2018-07-05 12:12:46','2018-07-05 12:12:46','2018-07-05 12:12:46','9fc525bb-5ea9-4797-9968-1245b0801bd4'),('895dd392-dcec-419c-94d9-9fa5b5856eba','Amazing! Now my dog, Mike Pence, can focus on being my wingman. This is cofveve!','2018-07-05 12:18:35','2018-07-05 12:18:35','2018-07-05 12:18:35','6e2b0d58-415f-4485-b653-67941386a800'),('8d4e1aa7-7cd6-4f73-9bdc-e3ce5a15c8e0','for(New Promise; while i = 0; await async). I hope I got it right?','2018-07-05 12:02:11','2018-07-05 12:02:11','2018-07-05 12:02:11','cfc7a5d1-c82e-4daf-9650-e3ee1e80c924'),('8e43a8ef-3240-4f72-8251-bc30e13d7f12','As you know, my long golden hair is not real. Thanks to Donald Trump, no-one notices that I\'m actually wearing a wig!','2018-07-05 12:38:22','2018-07-05 12:38:22','2018-07-05 12:38:22','4a625be3-ba7e-41b5-a7e2-df564e1ca613'),('96c150ff-5789-447f-9337-915cf11b0592','Such an amazing skill to learn. Recommend this warmly to all programmers thinking about naming their variables!','2018-07-05 12:33:56','2018-07-05 12:33:56','2018-07-05 12:33:56','fe9a007f-17c4-40f4-a1da-3151cbbd941d'),('a4edbe3f-390e-4da7-838e-b4e0fa4cc6fb','Such a lifesaver! I finally found a girlfriend thanks to this amazing skill.','2018-07-05 13:17:31','2018-07-05 13:17:31','2018-07-05 13:17:31','6e682920-f29b-4d7c-8436-42f4325bce47'),('b1667531-77e3-477e-ba11-d07dcd48475f','My life experienced such a turn after this event. Now finally, I have time to do things I love instead of coding 24/7. Thank you Lars. Really recommend to meet with Lars','2018-07-05 12:29:53','2018-07-05 12:29:53','2018-07-05 12:29:53','81cde7de-7673-4d63-a3f7-602ba2aa44f1'),('c32454ff-36bf-444c-9941-e164544601cc','With this new knowledge I will make America Great again. Thank you Lars.','2018-07-05 12:16:39','2018-07-05 12:16:39','2018-07-05 12:16:39','c1dea186-57f5-4a51-800f-ca15d7cb5fd2'),('cfd98ebe-26a7-4661-8cbb-094863d0ce53','This skill was so usefull for my thesis presentation. Thanks Lars. ','2018-07-05 12:32:04','2018-07-05 12:32:04','2018-07-05 12:32:04','7f3ac5a2-531a-4898-8a90-e6cd1d6248ba'),('d2709a89-e738-4a0b-8360-94037e582962','Had a great time (and more than two beers)!','2018-07-05 12:18:03','2018-07-05 12:18:03','2018-07-05 12:18:03','6319ccab-55f6-4ac9-9f60-249881ac09bc'),('e0a339b2-7d24-48de-ba7c-5e3a359f6076','This is one step further in winning the war on china! I must raise the tariffs and beat them in ping pong!','2018-07-05 12:11:10','2018-07-05 12:11:10','2018-07-05 12:11:10','d80f249e-e3e9-479e-8814-aba7fcb6412a'),('e4969097-52ea-4045-9e36-27719d6fe9a5','Know what, I hadn\'t even heard about this Pa Amb, before. Now I combine this delightfull cake with my chinese food every day! Thanks David, i\'m honored!','2018-07-05 13:19:21','2018-07-05 13:19:21','2018-07-05 13:19:21','109b86f5-8bf2-4ad3-8297-04a31f22fee2'),('ecb2c041-784e-4d1d-a2b9-9375d724493b','It was swetty. It was hot. I cried and I laughed. Will never forget this amazing experience.  ','2018-07-05 12:37:11','2018-07-05 12:37:11','2018-07-05 12:37:11','36a3c347-686e-47e0-abdd-750d3ebf90b2'),('f1900ca0-bf66-4469-81bb-71ec999f7182','Meeting roger was a wonderful experience. Not only did I get a new friend for life, but I also succefully taught buddy to fly!d','2018-07-05 12:36:30','2018-07-05 12:36:30','2018-07-05 12:36:30','b0b93009-c4f8-45a5-b1fc-ee0b4584b402'),('f376d1fd-5476-4f27-aea3-7c718c1c4a49','Now I can finally  play golf and be a president at the same time! Or, are they the same thing?','2018-07-05 12:18:03','2018-07-05 12:18:03','2018-07-05 12:18:03','089f121d-9681-49a1-b660-67e300e9dbe3');
/*!40000 ALTER TABLE `Reviews` ENABLE KEYS */;
UNLOCK TABLES;

--
-- Table structure for table `Skills`
--

DROP TABLE IF EXISTS `Skills`;
/*!40101 SET @saved_cs_client     = @@character_set_client */;
 SET character_set_client = utf8mb4 ;
CREATE TABLE `Skills` (
  `pk_skill_id` char(36) CHARACTER SET utf8 COLLATE utf8_bin NOT NULL,
  `title` varchar(50) NOT NULL,
  `description` varchar(400) DEFAULT NULL,
  `location` varchar(255) NOT NULL,
  `counter_visits` int(11) DEFAULT '0',
  `deleted` tinyint(1) DEFAULT '0',
  `img_url` varchar(255) DEFAULT NULL,
  `created_at` datetime NOT NULL,
  `updated_at` datetime NOT NULL,
  `fk_category_id` char(36) CHARACTER SET utf8 COLLATE utf8_bin NOT NULL,
  `fk_user_id` char(36) CHARACTER SET utf8 COLLATE utf8_bin NOT NULL,
  PRIMARY KEY (`pk_skill_id`),
  KEY `fk_category_id` (`fk_category_id`),
  KEY `fk_user_id` (`fk_user_id`),
  CONSTRAINT `skills_ibfk_1` FOREIGN KEY (`fk_category_id`) REFERENCES `categories` (`pk_category_id`) ON DELETE CASCADE ON UPDATE CASCADE,
  CONSTRAINT `skills_ibfk_2` FOREIGN KEY (`fk_user_id`) REFERENCES `users` (`pk_user_id`) ON DELETE CASCADE ON UPDATE CASCADE
) ENGINE=InnoDB DEFAULT CHARSET=utf8;
/*!40101 SET character_set_client = @saved_cs_client */;

--
-- Dumping data for table `Skills`
--

LOCK TABLES `Skills` WRITE;
/*!40000 ALTER TABLE `Skills` DISABLE KEYS */;
INSERT INTO `Skills` VALUES ('0405820c-f9cc-43b1-a961-baab79c9c980','Create your own star planisphere','If you like to look at the stars, that\'s the tool that you were missing. We only need some cardboard and scissors ;)','Barcelona',6,0,'https://images.unsplash.com/photo-1480264801016-9f3227820ca5?ixlib=rb-0.3.5&q=80&fm=jpg&crop=entropy&cs=tinysrgb&w=1600&h=900&fit=crop&ixid=eyJhcHBfaWQiOjF9&s=da2475765089b08c8dbacddd256175d5','2018-07-05 10:38:53','2018-07-05 13:39:42','4cf7d8fa-3814-4a1a-afd6-8051e064d4a9','56c74284-0d07-48ed-9850-5706ae500a25'),('0ad44548-2523-443c-a2f6-bf6904407289','What is a bootcamp? Step in.','JavaScript is simply the best choice to learn coding today. In fact, it’s the only programming language that can run both in the browser and on the server, allowing you to build entire products with one technology. Not even to mention the ability to create hybrid and native mobile apps. I will tell you what a bootcamp is and how it can teach you to become a better developer. ','Barcelona',5,0,'https://images.unsplash.com/photo-1502758898459-10885c4d334c?ixlib=rb-0.3.5&q=80&fm=jpg&crop=entropy&cs=tinysrgb&w=1600&h=900&fit=crop&ixid=eyJhcHBfaWQiOjF9&s=4e5c129143d0c68ca8fb7d9a22a70845','2018-07-05 11:46:19','2018-07-05 12:21:45','99508130-df5c-41f2-bfce-2ee95f38b756','b2b5e816-d8d6-4347-b152-81bfe341ca90'),('164028a9-15d6-4606-b584-f24310837de1','Manage your Browser Tabs','You need to have some knowledge about: Google Chrome, Opera,  Edge, Internet Explorer, Brave, Safari, Mozilla Firefox, Maxthon, SeaMonkey, Avant.\nThen you will learn how to work with all of them at once with only 2 hands. You will see how all the tabs flow from one browser to another to improve the overall browsing speed.','Barcelona',5,0,'https://images.unsplash.com/photo-1517400777233-4562ed6ebc63?ixlib=rb-0.3.5&q=80&fm=jpg&crop=entropy&cs=tinysrgb&w=1600&h=900&fit=crop&ixid=eyJhcHBfaWQiOjF9&s=98e3773bde34f188e7a1163a72f1c374','2018-07-05 12:07:38','2018-07-05 13:31:39','ded22b44-465f-4378-a5f1-a3b2f1de454a','b80e7d22-f276-443f-9c3e-5f8f414d891c'),('1ce4c95c-9bc9-4176-9a27-10be5dd3e727','How to be in two places at the same time','Happy to teach my techniques of how you can do a bootcamp while raising two kids below 5 years old!','Barcelona',28,0,'https://images.unsplash.com/photo-1511762180596-d03b808430fe?ixlib=rb-0.3.5&ixid=eyJhcHBfaWQiOjEyMDd9&s=6538a2a22a0514b3eb29b3f7b85d9475&auto=format&fit=crop&w=800&q=60','2018-07-05 11:03:11','2018-07-05 16:25:30','64916ebd-e419-4821-9a5a-90ec6845b1a0','8ddebf3a-821b-49ed-8962-8985c6f15792'),('2ed2966b-631a-44fe-9e40-1bb820b0c98f','Surf in all the social Networks','How to be present in all the social networks and not becoming insane while accomplishing this almost Mission: Impossible','Barcelona',2,0,'https://images.unsplash.com/photo-1502868032459-aa78309e3503?ixlib=rb-0.3.5&q=80&fm=jpg&crop=entropy&cs=tinysrgb&w=1600&h=900&fit=crop&ixid=eyJhcHBfaWQiOjF9&s=4b89b05e644429cae9dd049ed152b98c','2018-07-05 11:56:59','2018-07-05 12:34:52','bbcbc9ff-1fcf-4eb4-8078-79e6fe137c65','b80e7d22-f276-443f-9c3e-5f8f414d891c'),('3d67dca6-36df-4e47-b7e3-99578e7c0eaa','How to delegate your work tasks to Fiverr!','There is nothing better than to work as a developer and living la vida loca. What\'s even better, don\'t feel like working? Easily delegate all your tasks on Fiverr, for only 5 dollars they will do the job for you. You still get to harvest the fruit!','Barcelona',17,0,'https://images.unsplash.com/photo-1468436139062-f60a71c5c892?ixlib=rb-0.3.5&q=80&fm=jpg&crop=entropy&cs=tinysrgb&w=1600&h=900&fit=crop&ixid=eyJhcHBfaWQiOjF9&s=30fc6508425eeff7d66b9b777f264285','2018-07-05 10:37:24','2018-07-05 15:17:16','ded22b44-465f-4378-a5f1-a3b2f1de454a','761f66df-5c55-4bd3-9496-f71329b667ee'),('3d806aa5-0553-4828-9f82-2c1ab31b8fa7','How to make a dramatic entrance!','Lights, a scene,  music is the mean, to woe the audience into your comb. I\'ll guide you step by step how to master any performance. Got the light, time to pick your fight!','Barcelona',11,0,'https://images.unsplash.com/photo-1504838986326-0f4d3ce9cf63?ixlib=rb-0.3.5&q=80&fm=jpg&crop=entropy&cs=tinysrgb&w=1600&h=900&fit=crop&ixid=eyJhcHBfaWQiOjF9&s=5fc8eb7df2c29564f15cc201aecca286','2018-07-05 11:02:58','2018-07-05 13:13:40','bbcbc9ff-1fcf-4eb4-8078-79e6fe137c65','d4ed7dc8-87de-42ab-b100-c5e1860f22ef'),('3fa41ac1-e109-4292-9469-23350d90a2b7','Dance samba like a real Brazilian','Interested about this contagious rhythm? Join me and learn the basic steps to look good during carnaval :)','Barcelona',9,0,'https://images.unsplash.com/photo-1518886849533-2a7b825fe852?ixlib=rb-0.3.5&ixid=eyJhcHBfaWQiOjEyMDd9&s=caafb9f7f5f2804d01e4f7d8ba483418&auto=format&fit=crop&w=800&q=60','2018-07-05 10:54:30','2018-07-05 15:33:39','98d24066-05d8-4e42-9c92-310edfc255c4','8ddebf3a-821b-49ed-8962-8985c6f15792'),('430bbebb-ac21-4d6f-a925-e5c5be12305e','Getting access to any local area network','You have a machine, it has a local ip-address mask. Any time it speaks with a router in the network it expose a mac-address to that network. Don\'t be afraid, i will teach you to break any firewalls and masks that might be blocking you to access a network and the machines in it. Easy as pie.','Barcelona',3,0,'https://images.unsplash.com/photo-1527754525882-563050c6618c?ixlib=rb-0.3.5&q=80&fm=jpg&crop=entropy&cs=tinysrgb&w=1600&h=900&fit=crop&ixid=eyJhcHBfaWQiOjF9&s=ae89f3f37636c9a5e94d2e30028850ab','2018-07-05 11:26:05','2018-07-05 13:20:55','abcb42e5-e8d9-4230-b5f6-f5835ce7b402','25b056b0-d0cf-45e0-bde9-7ecbb721d2f5'),('4b02f066-2b22-4f9f-a405-bd86b61d829c','Play golf bare-food','You\'ll receive all the knowledge that I\'ve been gathering after practicing this extreme sport for more than 10 years.','Barcelona',5,0,'https://images.unsplash.com/photo-1523867386632-d0107d6e79ec?ixlib=rb-0.3.5&q=80&fm=jpg&crop=entropy&cs=tinysrgb&w=1600&h=900&fit=crop&ixid=eyJhcHBfaWQiOjF9&s=68fd3a7c7e6818d62f4af37c2c7957e5','2018-07-05 11:01:04','2018-07-05 13:20:37','64916ebd-e419-4821-9a5a-90ec6845b1a0','c5aff127-ffbe-4b87-ad80-007cffe99409'),('4b6bec6a-d4a4-42b2-b5e1-12b776f2623c','Ping-Pong Master Level','Learn from real bootcamp champion. 3 months intensive playing. Spins, curls, and ... learn how to get into your opponent mind.\nKnock knock from inside!!! ;)','Barcelona',8,0,'https://images.unsplash.com/photo-1525876902033-8da51fbe1e59?ixlib=rb-0.3.5&q=80&fm=jpg&crop=entropy&cs=tinysrgb&w=1600&h=900&fit=crop&ixid=eyJhcHBfaWQiOjF9&s=8a23164e9d3baa4d06acf09a08da2208','2018-07-05 11:09:29','2018-07-05 13:20:23','6d0b4d81-d276-4eca-900e-e193fd34795d','c5aff127-ffbe-4b87-ad80-007cffe99409'),('58645a0e-affc-4cf0-a5a5-c151391ada0e','Intelligence, how is it measured?','I\'ll teach you how to administer and score the most common intelligence tests. You will learn how to use the result to predict real life outcomes using regression analysis.','Barcelona',8,0,'https://images.unsplash.com/photo-1502700807168-484a3e7889d0?ixlib=rb-0.3.5&q=80&fm=jpg&crop=entropy&cs=tinysrgb&w=1600&h=900&fit=crop&ixid=eyJhcHBfaWQiOjF9&s=81cd8459f61373270ec3463f07d65385','2018-07-05 10:21:37','2018-07-05 12:32:09','99508130-df5c-41f2-bfce-2ee95f38b756','82f60535-91ae-48be-b5c3-cb8b75b5d39d'),('697dbc4a-0634-4689-8db5-ee26356c15f1','Discover Montserrat, the magic Mountain','You will be walking through this peculiar mountain and see some of the different shapes and hidden spots that Montserrat provides us.','Barcelona',8,0,'https://images.unsplash.com/photo-1482154905330-d746d3a7ca4a?ixlib=rb-0.3.5&q=80&fm=jpg&crop=entropy&cs=tinysrgb&w=1600&h=900&fit=crop&ixid=eyJhcHBfaWQiOjF9&s=05ca7495bb844a48538fec7718b58a4f','2018-07-05 10:27:48','2018-07-05 13:21:17','07786342-e144-4b2a-9649-8086801b93e2','56c74284-0d07-48ed-9850-5706ae500a25'),('6edf3135-e985-488e-adce-8ebb21360ef4','Instead of ketchup - mashup!','Everyones tastes are different, there\'s no universal taste that everyone enjoys on their salad, sandwich or pasta. For a long time, ketchup has been the leader in this field, a one-for-all solution, until now! I will share the recipe to this new secret, universal-for-all sauce that matches every dish and every-ones taste! Mol ben!','Barcelona',5,0,'https://images.unsplash.com/photo-1505576399279-565b52d4ac71?ixlib=rb-0.3.5&q=80&fm=jpg&crop=entropy&cs=tinysrgb&w=1600&h=900&fit=crop&ixid=eyJhcHBfaWQiOjF9&s=6e674fbe3dd51d4fed8ee389f367fcbe','2018-07-05 11:14:20','2018-07-05 12:37:54','cfb0f28a-8741-47d5-ab74-859c665f54ed','e487a817-3089-44f1-bb03-a6a46b6a664d'),('71e82d2e-f619-42d0-acf0-4e97fdac7d27','Teach your dog to be your Wingman','Everyone loves dogs right? Did you know that dogs are the perfect wingmans, they\'ll make the introduction for you. You\'ll notice a 1000% spontaneous increase of social contact when out. Time to make a change in your life. Suit Up! ','Barcelona',18,0,'https://images.unsplash.com/photo-1520824646108-ead469543c94?ixlib=rb-0.3.5&q=80&fm=jpg&crop=entropy&cs=tinysrgb&w=1600&h=900&fit=crop&ixid=eyJhcHBfaWQiOjF9&s=007fcad23b9611ae11ecf953da4a176e','2018-07-05 11:06:57','2018-07-05 16:24:17','27819d4a-72ba-4fce-aae3-569d2ef0ed3c','d4ed7dc8-87de-42ab-b100-c5e1860f22ef'),('74479ab3-794b-44b4-b3c5-f98ce548d42b','First Steps to conquer a dancefloor','One-two-three, five-six-seven! This is the count you need to keep in mind when entering a sizzling latino dancefloor. The genres and styles all blend, you must never forget that your HIPS DON\'T LIE! We will keep that in mind when listening to various moods such as Salsa, Tango, Bachata, Rumba, Son and more...','Barcelona',7,0,'https://images.unsplash.com/photo-1504647164485-1d91e1d0a112?ixlib=rb-0.3.5&q=80&fm=jpg&crop=entropy&cs=tinysrgb&w=1600&h=900&fit=crop&ixid=eyJhcHBfaWQiOjF9&s=08547036baebef4d0a4c8854d2f55693','2018-07-05 10:36:04','2018-07-05 14:39:39','98d24066-05d8-4e42-9c92-310edfc255c4','fd6b9367-f918-42d5-b666-c9e46cf95669'),('7dd604ac-b3e4-41e4-a83d-fa3007315add','10 ways you can be more funny!','The magic 10 ways on becoming a more funny person. The secret is don\'t try to hard, just be yourself. I\'ll give you the unique opportunity to learn my 10 ways of being funny.','Barcelona',7,0,'https://images.unsplash.com/photo-1506903836541-e18b4ba42343?ixlib=rb-0.3.5&q=80&fm=jpg&crop=entropy&cs=tinysrgb&w=1600&h=900&fit=crop&ixid=eyJhcHBfaWQiOjF9&s=63f790c002aea61e8978558f5018b875','2018-07-05 10:47:26','2018-07-05 12:32:04','27819d4a-72ba-4fce-aae3-569d2ef0ed3c','761f66df-5c55-4bd3-9496-f71329b667ee'),('7eeada71-f849-48e8-a48a-249af5d66cbb','Student life-hacks from an expert','You might not know that you can switch around the batteries in your remote-control to preserve power in them. It\'s a hack that i learned when working at a tv-repair shop for a summer. I got tons of these hacks that will turn your bare-scraped student life to the life of a millionaire (well...). I think you get it.','Barcelona',5,0,'https://images.unsplash.com/photo-1485436442739-c12c6e3673af?ixlib=rb-0.3.5&q=80&fm=jpg&crop=entropy&cs=tinysrgb&w=1600&h=900&fit=crop&ixid=eyJhcHBfaWQiOjF9&s=95559eda9ad2d2054058cee5f57377d4','2018-07-05 10:59:07','2018-07-05 12:27:40','4cf7d8fa-3814-4a1a-afd6-8051e064d4a9','e487a817-3089-44f1-bb03-a6a46b6a664d'),('8044ea4d-e5a6-4835-a9e0-04faa018c803','Covfefe, make up new words today!','I will teach you to create new awesome words to make America great again. Covfefe!  ','Barcelona',6,0,'https://images.unsplash.com/photo-1490029580952-6f9a7da258fb?ixlib=rb-0.3.5&q=80&fm=jpg&crop=entropy&cs=tinysrgb&w=1600&h=900&fit=crop&ixid=eyJhcHBfaWQiOjF9&s=8725b703e50f6e1a0fd374e387917470','2018-07-05 11:27:33','2018-07-05 12:40:28','abcb42e5-e8d9-4230-b5f6-f5835ce7b402','92759eee-5a0f-42a3-a21a-5796543fe69a'),('8a596908-a31b-46e7-a7ff-9102ca4c9b25','North Korea, all you need to know.','All the things you need to know from North Korea. Statistics of all kinds, funny facts and a lot more. You\'ll be considering to become a North Korea citizen after this session.','Barcelona',11,0,'https://images.unsplash.com/photo-1495020689067-958852a7765e?ixlib=rb-0.3.5&q=80&fm=jpg&crop=entropy&cs=tinysrgb&w=1600&h=900&fit=crop&ixid=eyJhcHBfaWQiOjF9&s=deb795cd4bf5c713ec53ccb066dbb944','2018-07-05 11:22:57','2018-07-05 13:20:47','99508130-df5c-41f2-bfce-2ee95f38b756','c5aff127-ffbe-4b87-ad80-007cffe99409'),('8c16767d-21b0-42f0-9d24-40f29650c3b8','How to love the new in-laws','So, i went on tinder. Logged in, created a user, chose some fairly recent snaps of my smug face. Now all of a sudden i\'m dating this girl, and you know what, she\'s a keeper! But then what: you need to meet her friends, family and colleagues, and get approved. Recognize this dilemma? Well i have a tiny secret on how to make friends with your mother-in-law-to-be!','Barcelona',11,0,'https://images.unsplash.com/photo-1520824754996-684c524945b8?ixlib=rb-0.3.5&q=80&fm=jpg&crop=entropy&cs=tinysrgb&w=1600&h=900&fit=crop&ixid=eyJhcHBfaWQiOjF9&s=4b7b3ae44be64996aff390a7304e1a25','2018-07-05 10:48:46','2018-07-05 13:15:05','27819d4a-72ba-4fce-aae3-569d2ef0ed3c','fd6b9367-f918-42d5-b666-c9e46cf95669'),('a11ab11c-b610-4ae9-9daf-15f756afca56','How to be a Picky !%#?*@','Got codeworks presentations incoming? I\'ll teach you how to review  and give proper feedback the presentations.','Barcelona',7,0,'https://images.unsplash.com/photo-1485827404703-89b55fcc595e?ixlib=rb-0.3.5&q=80&fm=jpg&crop=entropy&cs=tinysrgb&w=1600&h=900&fit=crop&ixid=eyJhcHBfaWQiOjF9&s=9a2aa0a1b20e2169000e6f136ff87868','2018-07-05 11:40:29','2018-07-05 13:18:13','ded22b44-465f-4378-a5f1-a3b2f1de454a','b2b5e816-d8d6-4347-b152-81bfe341ca90'),('afe16cad-3b20-4540-8fb5-6bd0ad8923d9','Fall asleep anywhere! Anytime.','Resting and sleeping is the honey of our life. But sometimes life gives you lemons. That\'s why, i\'ll teach you the valuable skill of falling asleep anywhere. Is your boss late to the meeting, check! Is your teammate talking too much, check! Don\'t enjoy the senior thesis presentation, check! ','Barcelona',10,0,'https://images.unsplash.com/photo-1522357262022-50fd510ac901?ixlib=rb-0.3.5&q=80&fm=jpg&crop=entropy&cs=tinysrgb&w=1600&h=900&fit=crop&ixid=eyJhcHBfaWQiOjF9&s=74baf8687052e3550746042e195397a0','2018-07-05 10:42:47','2018-07-05 15:17:59','4bf5bdcf-8905-43b2-8c57-f29a7869e303','761f66df-5c55-4bd3-9496-f71329b667ee'),('b8bfe5c8-68d5-4353-9868-230147233770','How to achieve absolute knowledge','In relative terms, this is not a simple task. It\'s not impossible and should be achievable over two beers and a pack of cigarettes (your treat). The Holy Grail of this quest is known as the Theory of Everything, something i\'ve been reading about lately, i can share some litterature tips too. Cheers!','Barcelona',13,0,'https://images.unsplash.com/photo-1502852365377-bc7a0bea8e5b?ixlib=rb-0.3.5&q=80&fm=jpg&crop=entropy&cs=tinysrgb&w=1600&h=900&fit=crop&ixid=eyJhcHBfaWQiOjF9&s=7861f987c5f41362a30592addc02d020','2018-07-05 10:28:08','2018-07-05 13:19:53','99508130-df5c-41f2-bfce-2ee95f38b756','fd6b9367-f918-42d5-b666-c9e46cf95669'),('bb2a3eb5-7272-467a-9ff8-bb4fdb1852fb','Instructables for non-millenials','We all know how irritating it\'s to hear \"what does that mean\" when you are sharing ideas with people that don\'t belong to your generation. It\'s a problem and i have the solution. It will eventually become a fortune-500 startup, but for now, while i\'m finishing the elevator pitch, i will share the idea with you (with an instructable, id needed)','Barcelona',13,0,'https://images.unsplash.com/photo-1528025445130-97588f3b72e5?ixlib=rb-0.3.5&q=80&fm=jpg&crop=entropy&cs=tinysrgb&w=1600&h=900&fit=crop&ixid=eyJhcHBfaWQiOjF9&s=cd464d4ac7532fae4d2f9eee12e4f21a','2018-07-05 11:04:57','2018-07-05 12:34:49','4cf7d8fa-3814-4a1a-afd6-8051e064d4a9','e487a817-3089-44f1-bb03-a6a46b6a664d'),('c5c729e9-c11f-46d5-ab34-6059cdbc9445','How to build a wall','I will build a great wall -- and nobody builds walls better than me, believe me --and I\'ll build them very inexpensively. I will build a great, great wall on our southern border, and I will make Mexico pay for that wall. Mark my words. I can teach you to become awesome too.','Barcelona',6,0,'https://images.unsplash.com/photo-1506747111041-18b1844bf60f?ixlib=rb-0.3.5&q=80&fm=jpg&crop=entropy&cs=tinysrgb&w=1600&h=900&fit=crop&ixid=eyJhcHBfaWQiOjF9&s=e88d254df909be115a0b99803ba176ea','2018-07-05 11:23:53','2018-07-05 13:51:14','4cf7d8fa-3814-4a1a-afd6-8051e064d4a9','92759eee-5a0f-42a3-a21a-5796543fe69a'),('ceb1157b-dfc8-4ff6-8b4e-40ceacc3eeea','How to not wear your favorite clothes','Tired of always choosing the same pieces even not having space to storage more articles at your closet? I will be happy to share my technics of how you can actually use every item that you have.','Barcelona',9,0,'https://images.unsplash.com/photo-1520006403909-838d6b92c22e?ixlib=rb-0.3.5&ixid=eyJhcHBfaWQiOjEyMDd9&s=cd5c81517b22ee13e47484cddb56d16c&auto=format&fit=crop&w=1650&q=80','2018-07-05 11:41:07','2018-07-05 16:24:08','27819d4a-72ba-4fce-aae3-569d2ef0ed3c','8ddebf3a-821b-49ed-8962-8985c6f15792'),('d8cc2231-bd8c-4def-a534-5fb345c04fab','101: How to Sauna like a true Finn','Sweat. Heat. Beer. Tears. Not for the weak! Step into the world of Finish sauna culture.  I\'ll teach you how to heat up and prepare the traditional smoke sauna. The sauna is also accompanied by a dip in the cold and refreshing dip in the lake and rolling in the snow.  ','Barcelona',21,0,'https://images.unsplash.com/photo-1463801353705-a4879313362c?ixlib=rb-0.3.5&q=80&fm=jpg&crop=entropy&cs=tinysrgb&w=1600&h=900&fit=crop&ixid=eyJhcHBfaWQiOjF9&s=aeb53d3ae4a70c0d6f01e338419480ae','2018-07-05 10:14:43','2018-07-05 14:43:13','4bf5bdcf-8905-43b2-8c57-f29a7869e303','82f60535-91ae-48be-b5c3-cb8b75b5d39d'),('e3c23d2d-a952-411e-a983-12fc703c1a0b','Sheep herding: How to deal with the black sheep!','I\'ve been a sheep farmer for years, I\'d love to share my experience and passion on the proper herding techniques. Sheep will bring comfort and light into your life, and easy your mind from your daily routines.','Barcelona',9,0,'https://images.unsplash.com/photo-1518303381723-e97614db478d?ixlib=rb-0.3.5&q=80&fm=jpg&crop=entropy&cs=tinysrgb&w=1600&h=900&fit=crop&ixid=eyJhcHBfaWQiOjF9&s=3f9198817ef0d0eb269226bd39f43217','2018-07-05 10:25:51','2018-07-05 13:33:32','9355c7df-b054-4595-9b5f-5ad47907ed9d','82f60535-91ae-48be-b5c3-cb8b75b5d39d'),('ea6fb1e1-0d48-427a-b7a5-98637ba95513','How to make \'pa amb tomàquet\'','Learn all that you need to prepare this simple but delicious traditional Catalan food.  Anyone can do it with some hints!','Barcelona',8,0,'https://images.unsplash.com/photo-1446611720526-39d16597055c?ixlib=rb-0.3.5&q=80&fm=jpg&crop=entropy&cs=tinysrgb&w=1600&h=900&fit=crop&ixid=eyJhcHBfaWQiOjF9&s=ddd325530f6229e9085c37beda65707a','2018-07-05 10:33:33','2018-07-05 14:42:52','cfb0f28a-8741-47d5-ab74-859c665f54ed','56c74284-0d07-48ed-9850-5706ae500a25'),('f5a75e7e-1628-49f0-aaae-c73342d6bed5','Agnosticism gets you nowhere!','Huxley coined this word, with the meaning that knowing or believing something without scientific proof does not actually make it exist. Such as where all the worlds missing keys or odd socks are. Or if there exists god or higher being. I will proof that this doctrine takes you nowhere, and how to avoid needing to prove it scientifically.','Barcelona',2,0,'https://images.unsplash.com/photo-1473997094636-80cc50db3e0c?ixlib=rb-0.3.5&q=80&fm=jpg&crop=entropy&cs=tinysrgb&w=1600&h=900&fit=crop&ixid=eyJhcHBfaWQiOjF9&s=098e412c07700eb18744c3a49018f7b3','2018-07-05 11:40:35','2018-07-05 13:21:26','9355c7df-b054-4595-9b5f-5ad47907ed9d','25b056b0-d0cf-45e0-bde9-7ecbb721d2f5'),('f982d1ab-e144-4032-8fc3-3bb6ba5f4632','Teach your pet penguin to fly','I know it can\'t be done, at least in classical childrens litterature, penguins don\'t fly. They just flap around. But if you manage to keep a penguin as a pet (you must live in the southern hemisphere, as there are no penguins on Arctis) i can help you bring it up and teach it the proper techniques to get some air under its flaps.','Barcelona',12,0,'https://images.unsplash.com/photo-1449172421446-78de20b4899c?ixlib=rb-0.3.5&q=80&fm=jpg&crop=entropy&cs=tinysrgb&w=1600&h=900&fit=crop&ixid=eyJhcHBfaWQiOjF9&s=7ffbd13861a08481a15181015355f2ef','2018-07-05 11:31:39','2018-07-05 15:17:30','07786342-e144-4b2a-9649-8086801b93e2','25b056b0-d0cf-45e0-bde9-7ecbb721d2f5'),('fa905b9c-4352-4349-8d9a-0c3bd2b038d5','Stop hitting like a ... Lesson in Boxing','Put your hotpants on and let\'s go boxing! I\'ll teach you the basic hits and punches. Let\'s go! Got experience teaching nerds how to fight!','Barcelona',4,0,'https://images.unsplash.com/photo-1474224017046-182ece80b263?ixlib=rb-0.3.5&q=80&fm=jpg&crop=entropy&cs=tinysrgb&w=1600&h=900&fit=crop&ixid=eyJhcHBfaWQiOjF9&s=5f76340c270a7e44be3ee54b9f98c2ff','2018-07-05 11:09:58','2018-07-05 13:19:33','6d0b4d81-d276-4eca-900e-e193fd34795d','d4ed7dc8-87de-42ab-b100-c5e1860f22ef'),('fcc688f6-c1ed-4652-8a6e-778895d011ad','Advanced JS, get introduced.','Function.prototype.bind = function(){ \n  var fn = this, args = Array.prototype.slice.call(arguments), object = args.shift(); \n  return function(){ \n    return fn.apply(object, \n      args.concat(Array.prototype.slice.call(arguments))); \n  }; \n};','Barcelona',8,0,'https://images.unsplash.com/photo-1487673179604-cb1d69e11c1f?ixlib=rb-0.3.5&q=80&fm=jpg&crop=entropy&cs=tinysrgb&w=1600&h=900&fit=crop&ixid=eyJhcHBfaWQiOjF9&s=1c2d584be513fb46c954cb7c9519b932','2018-07-05 11:43:32','2018-07-05 13:30:30','bbcbc9ff-1fcf-4eb4-8078-79e6fe137c65','b2b5e816-d8d6-4347-b152-81bfe341ca90'),('fcc7ece9-2dfc-4782-9b7b-91f4e546e077','Wear a wig. Learn to hide your baldness.','I\'m the most successful person ever to run for the presidency, by far. Nobody\'s ever been more successful than me. I\'m the most successful person ever to run. If you want to be like me you need to know how to wear a wing, to impress the ladies.','Barcelona',13,0,'https://images.unsplash.com/photo-1528398447722-33c404b18fc0?ixlib=rb-0.3.5&q=80&fm=jpg&crop=entropy&cs=tinysrgb&w=1600&h=900&fit=crop&ixid=eyJhcHBfaWQiOjF9&s=5b9015654f2d704de36ab2293031fd18','2018-07-05 11:29:48','2018-07-05 15:19:43','9355c7df-b054-4595-9b5f-5ad47907ed9d','92759eee-5a0f-42a3-a21a-5796543fe69a');
/*!40000 ALTER TABLE `Skills` ENABLE KEYS */;
UNLOCK TABLES;

--
-- Table structure for table `Users`
--

DROP TABLE IF EXISTS `Users`;
/*!40101 SET @saved_cs_client     = @@character_set_client */;
 SET character_set_client = utf8mb4 ;
CREATE TABLE `Users` (
  `pk_user_id` char(36) CHARACTER SET utf8 COLLATE utf8_bin NOT NULL,
  `name` varchar(30) NOT NULL,
  `surname` varchar(50) NOT NULL,
  `email` varchar(255) DEFAULT NULL,
  `date_of_birth` varchar(30) DEFAULT NULL,
  `nationality` varchar(50) DEFAULT NULL,
  `description` varchar(400) DEFAULT NULL,
  `last_login` datetime NOT NULL,
  `current_location` varchar(255) DEFAULT NULL,
  `password` varchar(50) DEFAULT NULL,
  `img_url` varchar(255) DEFAULT NULL,
  `fb_id` varchar(255) DEFAULT NULL,
  `auth_type` varchar(50) DEFAULT NULL,
  `created_at` datetime NOT NULL,
  `updated_at` datetime NOT NULL,
  PRIMARY KEY (`pk_user_id`),
  UNIQUE KEY `email` (`email`),
  UNIQUE KEY `fb_id` (`fb_id`)
) ENGINE=InnoDB DEFAULT CHARSET=utf8;
/*!40101 SET character_set_client = @saved_cs_client */;

--
-- Dumping data for table `Users`
--

LOCK TABLES `Users` WRITE;
/*!40000 ALTER TABLE `Users` DISABLE KEYS */;
INSERT INTO `Users` VALUES ('25b056b0-d0cf-45e0-bde9-7ecbb721d2f5','Roger','Martinez',NULL,'1982-01-01',NULL,'Roger be my name. Bcn be my town. Been there and here, love the fact that penguins can\'t fly. I wanna learn everyday something new.','2018-07-05 11:18:33','Barcelona',NULL,'https://platform-lookaside.fbsbx.com/platform/profilepic/?asid=119861722259875&height=200&width=200&ext=1531051852&hash=AeT6m7NvIdis797s','119861722259875',NULL,'2018-07-05 11:18:33','2018-07-05 12:10:52'),('56c74284-0d07-48ed-9850-5706ae500a25','David','Mir','davidecorreu@gmail.com','1980-01-28',NULL,'Always ready to learn from any kind of source. The one that I like the most is just watch what the other people is doing around  me. \nI feel really confortable in the middle of nature, but also in a crowded city. I like to understand what the people is explaining even when seems not to make sense.\nI can go for anything someone proposes and share everything I have.','2018-07-05 09:25:53','Barcelona',NULL,'https://platform-lookaside.fbsbx.com/platform/profilepic/?asid=10217196115914110&height=200&width=200&ext=1531065818&hash=AeTHaofPGgX8ZUTF','10217196115914110',NULL,'2018-07-05 09:25:53','2018-07-05 16:03:38'),('761f66df-5c55-4bd3-9496-f71329b667ee','Lars','Berger',NULL,'1999-01-22',NULL,'I\'m the Norwegian tech viking! If we meet in real life, full discretion is expected.','2018-07-05 10:28:01','Barcelona',NULL,'https://platform-lookaside.fbsbx.com/platform/profilepic/?asid=115276749381199&height=200&width=200&ext=1531053120&hash=AeSSgvy2oTIDI9cB','115276749381199',NULL,'2018-07-05 10:28:01','2018-07-05 12:32:00'),('82f60535-91ae-48be-b5c3-cb8b75b5d39d','Christopher','Harju','charju@abo.fi','1995-10-09',NULL,'Hi all! I\'m Christopher, previously a psychologist, but now, an aspiring developer. I\'d love to socialize and meet new people. Would love to meetup and learn something exciting. I\'m interested in almost anything, so let\'s share our passions! ','2018-07-05 09:25:50','Barcelona',NULL,'https://platform-lookaside.fbsbx.com/platform/profilepic/?asid=10157157275892366&height=200&width=200&ext=1531067185&hash=AeRtU1ZniUbVDWIN','10157157275892366',NULL,'2018-07-05 09:25:50','2018-07-05 16:26:25'),('8ddebf3a-821b-49ed-8962-8985c6f15792','Cristina','Ferreira','crisgferreira@gmail.com','1983-03-27',NULL,'Looking for new experiences and interesting friends.  Born and raised in Brazil, leaving in BCN for the last 10 years. Happy to share my skills!','2018-07-05 09:26:00','Barcelona',NULL,'https://platform-lookaside.fbsbx.com/platform/profilepic/?asid=10212457914108898&height=200&width=200&ext=1531064272&hash=AeRL3_11XwsIi9B4','10212457914108898',NULL,'2018-07-05 09:26:00','2018-07-05 15:37:52'),('92759eee-5a0f-42a3-a21a-5796543fe69a','Donald','Trump','donald_mktfndb_trump@tfbnw.net','1950-05-23',NULL,NULL,'2018-07-05 11:17:23','Barcelona',NULL,'https://platform-lookaside.fbsbx.com/platform/profilepic/?asid=108816773369747&height=200&width=200&ext=1531052529&hash=AeQoaEVkI96tELy7','108816773369747',NULL,'2018-07-05 11:17:23','2018-07-05 12:22:09'),('b2b5e816-d8d6-4347-b152-81bfe341ca90','Alessandro','Zanardi',NULL,'1983-07-19',NULL,'I believe technology helps overcome barriers. I like to nurture innovative talent, and empower smart people to become successful software engineers. ','2018-07-05 11:33:05','Barcelona',NULL,'https://platform-lookaside.fbsbx.com/platform/profilepic/?asid=115016402746290&height=200&width=200&ext=1531050791&hash=AeTSsKXwLYI1eMhh','115016402746290',NULL,'2018-07-05 11:33:05','2018-07-05 11:53:11'),('b80e7d22-f276-443f-9c3e-5f8f414d891c','Doruk','Akpek','doruk@twitter.com','2006-03-21',NULL,'Don\'t try to explain me a new, I already know all of them. Think about me like the Chuck Norris of the information.','2018-07-05 11:37:55','Barcelona',NULL,'https://platform-lookaside.fbsbx.com/platform/profilepic/?asid=102877730629155&height=200&width=200&ext=1531053448&hash=AeR5MbEXzCZ9dLK5','102877730629155',NULL,'2018-07-05 11:37:55','2018-07-05 12:37:28'),('c5aff127-ffbe-4b87-ad80-007cffe99409','Carlos','Parera','carlos.parera@my.email.com','1983-11-08',NULL,'Things are still very tense in North Korea. In fact, world leaders are still waiting to see if Carlos is going to actually fire a missile after this week’s deadline came and went. Apparently what happened was he messed up and bought Mentos and regular Coke.','2018-07-05 10:43:24','Barcelona',NULL,'https://platform-lookaside.fbsbx.com/platform/profilepic/?asid=106315340287925&height=200&width=200&ext=1531053586&hash=AeTTTTlKr4AkfIU2','106315340287925',NULL,'2018-07-05 10:43:24','2018-07-05 12:39:46'),('d4ed7dc8-87de-42ab-b100-c5e1860f22ef','Ben','Kemp',NULL,'1987-05-01',NULL,'Dramatic passion! Welcome to Ben\'s world. Ben\'s world is full of awesome things. Time to make your world brighter too, let\'s meet! ','2018-07-05 10:54:05','Barcelona',NULL,'https://platform-lookaside.fbsbx.com/platform/profilepic/?asid=113711692877472&height=200&width=200&ext=1531053501&hash=AeQDrGNSPfN0iBWo','113711692877472',NULL,'2018-07-05 10:54:05','2018-07-05 12:38:22'),('e487a817-3089-44f1-bb03-a6a46b6a664d','Jon','Portella',NULL,'1988-04-01',NULL,'I\'m outgoing, never blurred around the corners, have a dog and once scored a goal in the European fussball-champs. I like to look at code, nice sunsets and you will too, no doubts!','2018-07-05 10:51:56','Barcelona',NULL,'https://platform-lookaside.fbsbx.com/platform/profilepic/?asid=109900983254785&height=200&width=200&ext=1531051486&hash=AeRIYDAOxWRg86fS','109900983254785',NULL,'2018-07-05 10:51:56','2018-07-05 12:04:46'),('fd6b9367-f918-42d5-b666-c9e46cf95669','Pablo','Anttila','pablo.anttila@gmail.com','1980-11-04',NULL,'Once attempted a world record. Failed. Later I wrote the Nigeria-letters. Sound familiar? Born and raised in Stockholm, Sweden – currently in Barcelona and have even lived in South America some time. Now i\'m looking for new parterns in crime, to teach, learn and everything in between.','2018-07-05 09:41:24','Barcelona',NULL,'https://platform-lookaside.fbsbx.com/platform/profilepic/?asid=190979358410536&height=200&width=200&ext=1531056979&hash=AeSgQKLu5u06ER-N','190979358410536',NULL,'2018-07-05 09:41:24','2018-07-05 13:36:19');
/*!40000 ALTER TABLE `Users` ENABLE KEYS */;
UNLOCK TABLES;
/*!40103 SET TIME_ZONE=@OLD_TIME_ZONE */;

/*!40101 SET SQL_MODE=@OLD_SQL_MODE */;
/*!40014 SET FOREIGN_KEY_CHECKS=@OLD_FOREIGN_KEY_CHECKS */;
/*!40014 SET UNIQUE_CHECKS=@OLD_UNIQUE_CHECKS */;
/*!40101 SET CHARACTER_SET_CLIENT=@OLD_CHARACTER_SET_CLIENT */;
/*!40101 SET CHARACTER_SET_RESULTS=@OLD_CHARACTER_SET_RESULTS */;
/*!40101 SET COLLATION_CONNECTION=@OLD_COLLATION_CONNECTION */;
/*!40111 SET SQL_NOTES=@OLD_SQL_NOTES */;

-- Dump completed on 2018-07-09  9:44:21
